,Artist_Surname,Artist_First_Name
411,Defeuille,Louis Benjamin Huber
412,Thouron,Jacques
415,Unknown,Unknown
416,Nini,Jean-Baptiste
430,Sanford,H.
3681,Babcock,William P.
3723,Stuart,Gilbert
4872,Coleman,Charles Caryl
7038,Inman,Henry
9324,La Farge,John
9331,Ryder,Albert Pinkham
9339,Abbey,Edwin Austin
9347,Alexander,Francis
9348,Alexander,Henry
9349,Alexander,John White
9356,Allston,Washington
9361,Ames,Ezra
9362,Ames,Joseph Alexander
9363,Andrews,Ambrose
9366,Anshutz,Thomas
9367,Audubon,John Woodhouse
9371,Badger,Joseph
9372,Baker,G.
9377,Baker,George Augustus Jr.
9398,Bean,W. H.
9400,Beaux,Cecilia
9405,Beckwith,J. Carroll
9410,Benbridge,Henry
9416,Benson,Frank W.
9423,Bierstadt,Albert
9432,Bingham,George Caleb
9443,Blackburn,Joseph
9447,Blakelock,Ralph Albert
9453,Blashfield,Edwin Howland
9454,Blondel,Jacob D.
9455,Blum,Robert Frederick
9460,Blythe,David Gilmour
9463,Boetticher,Otto
9464,Bogert,George H.
9467,Boggs,Frank Myers
9474,Bradford,William
9476,Bradley,John
9479,Bricher,Alfred Thompson
9486,Brown,George Loring
9489,Brown,John George
9496,Brown,Mather
9500,Brownell,Matilda Auchincloss
9501,Brush,George de Forest
9507,Bunce,William Gedney
9508,Bunker,Dennis Miller
9586,Burroughs,Bryson
9599,Butler,Howard Russel
9600,Butler,Theodore Earl
9601,Cafferty,James H.
9619,Carlin,John
9623,Carlsen,Emil
9625,Carlson,John Fabian
9628,Casilear,John William
9635,Cassatt,Mary
9665,Leslie,Charles Robert
9667,Edmonds,Francis William
9674,Chalfant,Jefferson D.
9675,Chambers,Thomas
9677,Chanler,Robert Winthrop
9678,Chapman,John Gadsby
9679,Chappel,Alonzo
9680,Chappel,William P.
9707,Chase,William Merritt
9721,Chinnery,George
9723,Church,Frederic Edwin
9734,Coates,Edmund C.
9736,Coffin,William
9739,Cole,Thomas
9745,Collins,Alfred Q.
9747,Colman,Samuel
9752,Coman,Charlotte Buell
9758,Cook,Nelson
9761,Cooper,Colin Cambell
9763,Copestick,Alfred
9764,Copley,John Singleton
9797,Couse,Eanger Irving
9799,Cox,Kenyon
9806,Cranch,Caroline
9810,Crane,Bruce
9818,Cropsey,Jasper Francis
9830,Culverhouse,Johan Mengels
9845,Dabo,Léon
9848,Daingerfield,Elliott
9850,Dana,William P. W.
9851,Dannat,William
9854,Davies,Arthur B.
9936,Davis,Charles H
9940,Decker,Joseph
9943,Dessar,Louis Paul
9944,Dewey,Charles Melville
9946,Dewing,Thomas Wilmer
9962,Dodge,William de Leftwich
9967,Donoho,Ruger
9968,Doughty,Thomas
9975,Duncanson,Robert S.
9979,Dunlap,William
9981,Durand,Asher Brown
9996,Durand,John
10001,Durrie,George Henry
10002,Duveneck,Frank
10004,Duyckinck,Gerrit
10006,Eakins,Thomas
10026,Earl,Ralph
10032,Earl,Ralph E. W.
10033,Eddy,Oliver Tarbell
10040,Eichholtz,Jacob
10041,Eksergian,Carnig
10043,Elliott,Charles Loring
10052,Evans,James Guy
10053,Fagnani,Joseph
10068,Feke,Robert
10072,Field,Erastus Salisbury
10081,Flagg,Charles Noel
10083,Foster,Ben
10084,Francis,John F.
10086,Franzen,August R.
10092,Frazer,Oliver
10102,Frieseke,Frederick Carl
10104,Frothingham,James
10107,Fuller,George
10115,Funk,Wilhelm Heinrich
10117,Gaugengigl,Ignaz Marcel
10118,Gay,Edward
10119,Gay,Walter
10124,Gifford,Robert Swain
10125,Gifford,Sanford Robinson
10130,Goldthwaite,Anne
10139,Goodwin,Arthur Clifton
10144,Gray,Henry Peters
10152,Groll,Albert Lorey
10153,Guy,Seymour Joseph
10156,Haberle,John
10158,Hale,Philip L.
10161,Hamilton,James
10165,Harding,Chester (Charles)
10169,Harnett,William Michael
10175,Harrison,Alexander
10180,Hart,James M.
10184,Hart,William
10192,Haseltine,William Stanley
10196,Hassam,Childe
10209,Havell,Robert
10212,Hawthorne,Charles Webster
10213,Heade,Martin Johnson
10217,Healy,George P. A.
10222,Henry,Edward Lamson
10226,Herter,Albert
10229,Hesselius,John
10230,Hicks,Edward
10232,Hicks,Thomas
10233,Hidley,Joseph H.
10238,Hill,John Henry
10251,Hill,Thomas
10253,Hinckley,Thomas Hewes
10255,Hitchcock,George
10257,Hofmann,Charles C.
10261,Homer,Winslow
10298,Hopkinson,Charles
10303,Hovenden,Thomas
10311,Hubard,William James
10312,Hubbard,Richard William
10315,Hunt,William Morris
10326,Hunten,F. G. W.
10328,Huntington,Daniel
10346,Ingham,Charles Cromwell
10366,Inness,George
10379,Jarvis,Charles Wesley
10380,Jarvis,John Wesley
10391,Johnson,David
10396,Johnson,Eastman
10407,Johnson,Joshua
10411,Johnston,William
10415,Jones,Francis Coates
10416,Jones,H. Bolton
10419,Jongers,Alphonse
10422,Jouett,Matthew Harris
10425,Kaufmann,Theodor
10427,Keith,William
10434,Kemmelmeyer,Frederick
10436,Kendall,William Sergeant
10440,Kensett,John Frederick
10465,Kidd,Joseph Bartholomew
10468,Kittell,Nicholas Biddle
10469,Klumpke,Anna
10471,Kyle,Joseph
10498,Lambdin,George Cochran
10501,Lane,Fitz Henry
10503,Lang,Louis
10506,Lathrop,William Langson
10508,Lawson,Ernest
10509,Lazarus,Jacob Hart
10512,Le Clear,Thomas
10519,Leutze,Emanuel
10532,Lillie,John
10534,Linen,George
10536,Lockman,De Witt McClellan
10537,Lockwood,Wilton
10545,Loop,Henry Augustus
10548,Low,Will H.
10553,MacCameron,Robert
10562,MacMonnies,Frederick William
10577,Magrath,William
10590,Mare,John
10592,Martin,Homer Dodge
10597,Mathews,Arthur Frank
10600,Mayer,Francis Blackwell
10601,Maynard,George Willoughby
10614,McEntee,Jervis
10624,Mead,F. A.
10626,Melchers,Gari
10628,Metcalf,Willard
10638,Millet,Frank
10639,Moeller,Louis
10642,Moise,Theodore Sidney
10644,Mora,F. Luis
10652,Moran,Edward
10653,Moran,Thomas
10657,Morse,Samuel F. B.
10663,Mosler,Henry
10664,Moulthrop,Reuben
10668,Mount,Shepard Alonzo
10673,Mount,William Sidney
10682,Mowbray,Henry Siddons
10683,Murphy,John Francis
10688,Myers,Jerome
10697,Neagle,John
10698,Newman,Robert Loftin
10701,Nichols,Henry Hobart
10713,Page,William
10721,Palmer,Walter Launt
10722,Paradise,John
10724,Parrish,Maxfield
10727,Parshall,Dewitt
10732,Paxton,William McGregor
10736,Peale,Charles Willson
10756,Peale,James
10770,Peale,Raphaelle
10772,Peale,Rembrandt
10777,Pearce,Charles Sprague
10778,Peckham,Robert
10790,Perry,Enoch Wood
10793,Peto,John F.
10796,Phillips,Ammi
10799,Phillips,Jay Campbell
10803,Picknell,William Lamb
10806,Pillement,Jean
10807,Pine,Theodore E.
10810,Polk,Charles Peale
10812,Pope,Alexander
10827,Pratt,Matthew
10830,Prendergast,Maurice Brazil
10831,Williams,Esther Baldwin
10853,Quidor,John
10855,Raleigh,Charles Sidney
10867,Ranger,Henry Ward
10870,Rasmussen,John
10871,Redfield,Edward Willis
10872,Reid,Robert
10878,Remington,Frederic
10908,Richards,William Trost
10926,Richardt,Ferdinand
10946,Robinson,Theodore
10950,Roesen,Severin
10966,Rossiter,Thomas Pritchard
10988,Ryder,Chauncey F.
10989,Ryder,Platt Powell
11029,Salmon,Robert
11031,Sargent,John Singer
11289,Curran,Charles Courtney
11538,Schenck,William H.
11545,Schofield,Walter Elmer
11546,Schreyvogel,Charles
11549,Schuyler,Limner
11555,Sexton,Samuel H.
11556,Shannon,James Jebusa
11573,Shaw,Joshua
11576,Shilling,Alexander
11582,Shirlaw,Walter
11603,Smibert,John
11608,Smillie,George Henry
11632,Sonntag,William Louis
11633,Spencer,Frederick R.
11641,Sterner,Albert
11643,Steward,Joseph
11645,Stiepevich,Vincent G.
11646,Stock,Joseph Whiting
11648,Stone,William Oliver
11649,Story,George Henry
11685,Sullivan,M. A.
11688,Sully,Thomas
11706,Sully,Thomas Wilcocks
11761,Symons,George Gardner
11762,Taber,Edward Martin
11763,Tack,Augustus Vincent
11765,Tait,Arthur Fitzwilliam
11770,Talcott,Allen B.
11772,Tarbell,Edmund Charles
11779,Thayer,Abbott H.
11785,Theus,Jeremiah
11789,Thomas,Stephen Seymour
11790,Thompson,Alfred Wordsworth
11791,Thompson,Cephas
11793,Thompson,Cephas Giovanni
11794,Thompson,Jerome B.
11800,Thompson,Thomas
11801,Tiffany,Louis Comfort
11804,Tolman,Stacy
11805,Trego,Jonathan K.
11811,Trumbull,John
11823,Tryon,Dwight William
11827,Tucker,Allen
11834,Twachtman,John Henry
11838,Ulrich,Charles Frederick
11846,Tieling,Lodewijk
11855,Chinese,Painter
11883,Unknown Artist,Unknown
11895,Stanley,John Mix
11945,Vanderlyn,Pieter
11949,Kneller,Godfrey
11973,Whistler,James McNeill
12003,Vanderlyn,John
12017,Vedder,Elihu
12036,Volk,Douglas
12043,Vonnoh,Robert W.
12045,Vos,Hubert
12046,Waite,A. P.
12048,Waldo,Samuel Lovett
12063,Wales,J. C.
12064,Walker,Henry Oliver
12065,Walker,Horatio
12073,Waller,Frank
12076,Ward,Charles Caleb
12077,Ward,Edgar Melville
12107,Watrous,Harry W.
12109,Waugh,Frederick J
12113,Weeks,Edwin Lord
12115,Weir,John Ferguson
12120,Weir,Julian Alden
12129,Weir,Robert Walter
12135,Wentworth,Catherine D.
12138,Wertmuller,Adolph Ulrich
12139,West,Benjamin
12226,White,Edwin
12231,Whittredge,Worthington
12234,Wiles,Irving Ramsey
12246,Williams,William
12248,Wollaston,John
12257,Wood,Joseph
12258,Wood,Thomas Waterman
12263,Woodside,John A.
12265,Wyant,Alexander H.
12272,Yewell,George Henry
12274,Young,Harvey O.
12302,Wores,Theodore
13070,Beal,Gifford
13297,Lang,Annie Traquair
13336,Jennys,William
13340,Beal,Reynolds
13364,Green,James
13366,Cushing,Howard
13673,Kronberg,Louis
13828,Eakins,Susan Macdowell
15095,Spencer,Lilly Martin
15334,Ream,Carducius Plantagenet
15473,Kauffmann,Angelica
15624,Tanner,Henry Ossawa
16028,Kilburn,(or Kilbrunn) Lawrence
16044,Browere,Albertis del Orient
16078,Twibill,George W. Jr.
16348,Shattuck,Aaron Draper
16421,Rand,Ellen Emmet
16422,Wiggins,Guy C.
16427,Spencer,Robert
16428,Henri,Robert
16443,Lever,Hayley
16448,Glackens,William James
16450,Washburn,Miriam
16452,Eilshemius,Louis Michel
16455,Peterson,Jane
16464,Shinn,Everett
16465,Luks,George
16466,Sloan,John
16474,Hale,Lilian Westcott
16475,Johansen,John Christen
16479,Garber,Daniel
16492,Higgins,Eugene
16493,Browne,George Elmer
16494,de Groot,Adelaide Milton
16500,Price,Clayton S.
16502,Moses,Anna Mary Robertson
16508,Robinson,Boardman
16517,Emmet,Lydia Field
16531,Preston,James
16544,Kane,John
16834,Barnes,Demah Prince
16858,de Forest,Lockwood
16960,Wiley,Catherine
16988,Agostino Brunias,Unknown
17071,Russell,Charles M.
17226,Anderson,Karl
28071,British Painter,Unknown
30116,Shaw Stephen William,Unknown
30384,Unidentified Artist,Unknown
30717,Guan Liang,Unknown
36321,Sōami,Unknown
42547,Xu Gu,Unknown
42691,Wu Changshuo,Unknown
42867,Fan Zeng,Unknown
49428,Miki Suizan,Unknown
90595,Dalí,Salvador
100033,Giovanni da Udine (Giovanni dei Ricamatori),Unknown
103435,French Painter,Unknown
103455,Boucher,François
103625,Leen,Willem van
110310,Wootton James,Unknown
119747,Zucchi,Antonio
141045,Spanish Painter,Unknown
141858,Coecke van Aelst,Pieter
180740,Skolle,Hanns
180743,Shahn,Ben
180745,Evans,Walker
180830,Evans,Isabelle
181094,Rovner,Michal
186869,Clough,Charles
196087,Bryyinyuwuy possibly,Unknown
196964,Gill Lunda Hoyle,Unknown
201903,Kouakou,Ephrem
201999,Johnson,Malvin Gray
260247,Anonymous,Czech
267937,Reynolds,Joshua
268457,Tobey,Mark
268490,Callahan,Kenneth
307488,Amigoni,Jacopo
307491,Angelico,Fra (Guido di Pietro)
307493,Strozzi,Zanobi
307495,Antonello da Messina (Antonello di Giovanni d'Antonio),Unknown
307497,Antonello de Saliba,Unknown
307498,Antoniazzo Romano (Antonio di Benedetto Aquilio),Unknown
307500,Apt,Ulrich
307501,Arkhipov,Abram Efimovich
307505,Arthois,Jacques d'
307508,Bachiacca (Francesco d'Ubertino Verdi),Unknown
307510,Backer,Jacob
307512,Bailly,David
307513,Baixeras y Verdaguer,Dionisio
307514,Baldung,Hans (called Hans Baldung Grien)
307515,Banci,Ercole
307517,Bargue,Charles
307525,Bartolomeo,Fra (Bartolomeo di Paolo del Fattorino)
307527,Bartolomeo degli Erri,Unknown
307532,Bastien-Lepage,Jules
307533,Batoni,Pompeo
307537,Bazille,Jean-Frédéric
307538,Beaumont,Charles-Édouard de
307539,Beechey,William
307542,Beerstraten,Johannes Abrahamsz
307544,Beham,Barthel
307549,Bellini,Giovanni
307554,Bellini,Jacopo
307555,Bellotto,Bernardo
307557,Benczúr,Gyula
307558,Benjamin-Constant (Jean-Joseph-Benjamin Constant),Unknown
307559,Benoist,Marie Guillelmine
307560,Benson,Ambrosius
307561,Béraud,Jean
307563,Berchem,Nicolaes
307564,Bergognone (Ambrogio di Stefano da Fossano),Unknown
307566,Berlinghiero,Unknown
307567,Bernardino da Genoa,Unknown
307571,Beyeren,Abraham van
307572,Biagio d'Antonio,Unknown
307577,Bisschop,Cornelis
307578,Blake,William
307579,Blanchard,Jacques
307580,Blarenberghe,Henri Joseph van
307581,Bles,Herri met de
307582,Bloemaert,Abraham
307583,Boccaccino,Boccaccio
307584,Böcklin,Arnold
307588,Boilly,Louis Léopold
307590,Bol,Ferdinand
307592,Boldini,Giovanni
307602,Bonheur,Auguste-François
307603,Bonheur,Rosa
307606,Bonifacio de' Pitati (Bonifacio Veronese),Unknown
307608,Bonington,Richard Parkes
307609,Bonnat,Léon
307612,Bor,Paulus
307613,Borch,Gerard ter
307621,Bordon,Paris
307622,Borssom,Anthonie van
307623,Bosch,Hieronymus
307626,Bottani,Giuseppe
307627,Botticelli (Alessandro di Mariano Filipepi),Unknown
307629,Botticelli,Unknown
307631,Botticini,Francesco (Francesco di Giovanni)
307647,Boudin,Eugène
307650,Bouguereau,William
307653,Bourdon,Sébastien
307657,Bouts,Aelbert
307660,Bouts,Dieric
307662,Traut,Hans
307666,Bramantino (Bartolomeo Suardi),Unknown
307667,Bramer,Leonaert
307668,Breenbergh,Bartholomeus
307669,Brekelenkam,Quirijn van
307671,Breton,Jules
307673,Brett,John
307674,Breu,Jörg
307691,Bronzino (Agnolo di Cosimo di Mariano),Unknown
307692,Bronzino,Unknown
307693,Brosamer,Hans
307694,Brouwer,Adriaen
307698,Bruegel,Pieter
307699,Brueghel,Jan
307702,Brugghen,Hendrick ter
307703,Bruyn,Barthel
307707,Budapest Master,Unknown
307708,Bugiardini,Giuliano di Piero di Simone
307710,Burne-Jones,Edward
307712,Cabanel,Alexandre
307716,Cairo,Francesco
307718,Campi,Bernardino
307719,Campin,Robert
307721,Canaletto (Giovanni Antonio Canal),Unknown
307724,Cappelle,Jan van de
307726,Caravaggio (Michelangelo Merisi),Unknown
307729,Carlos,Frei
307730,Carnevale,Fra (Bartolomeo di Giovanni Corradini)
307731,Carolus-Duran,Charles-Auguste-Émile Durant
307732,Carpaccio,Vittore
307733,Carracci,Annibale
307736,Carrière,Eugène
307738,Aligny,Théodore Caruelle d'
307739,Casanova,Francesco
307740,Catena (Vincenzo di Biagio),Unknown
307742,Cavallino,Bernardo
307743,Cazin,Jean-Charles
307744,Cenni di Francesco di Ser Cenni,Unknown
307745,Ceruti,Giacomo
307746,Cesari,Bernardino
307747,Cézanne,Paul
307767,Champaigne,Philippe de
307768,Chardin,Jean Siméon
307773,Chiari,Giuseppe Bartolomeo
307775,Christus,Petrus
307779,Cigoli (Ludovico Cardi),Unknown
307780,Cima da Conegliano (Giovanni Battista Cima),Unknown
307783,Claesz,Pieter
307784,Claude Lorrain (Claude Gellée),Unknown
307789,Claude Lorrain,Unknown
307790,Clouet,François
307792,Clouet,Jean
307795,Coffermans,Marcellus
307796,Collier,Edwaert
307799,Constable,John
307814,Conti,Bernardino dei
307818,Corneille de Lyon,Unknown
307835,Corot,Camille
307865,Correggio (Antonio Allegri),Unknown
307866,Cosway,Richard
307869,Cot,Pierre-Auguste
307870,Cotes,Francis
307872,Courbet,Gustave
307901,Couture,Thomas
307903,Cranach,Lucas
307918,Crayer,Gaspar de
307922,Crivelli,Carlo
307925,Crivelli,Vittore
307927,Crome,John
307930,Cuylenborch,Abraham van
307931,Cuyp,Aelbert
307938,Daddi,Bernardo
307945,Dagnan-Bouveret,Pascal-Adolphe-Jean
307947,Dahl,Michael
307948,Dandini,Cesare
307949,Dandridge,Bartholomew
307950,Daubigny,Charles-François
307959,Daumier,Honoré
307965,David,Gerard
307970,Bening,Simon
307972,David,Jacques Louis
307978,Decamps,Alexandre-Gabriel
307981,Defrance,Léonard
307983,Degas,Edgar
308029,Delacroix,Eugène
308036,Déruet,Claude
308038,Desgoffe,Blaise-Alexandre
308039,Desportes,Alexandre François
308040,Detaille,Édouard
308043,Devéria,Eugène
308044,Diaz de la Peña,Narcisse-Virgile
308049,Diepenbeeck,Abraham van
308050,Dietrich,Christian Wilhelm Ernst
308055,Domenichino (Domenico Zampieri),Unknown
308056,Domingo y Marqués,Francisco
308057,Doré,Gustave
308058,Dossi,Dosso (Giovanni de Lutero)
308059,Dou,Gerrit
308061,Drost,Willem
308063,Drouais,François Hubert
308071,Duck,Jacob
308072,Ducreux,Rose Adélaïde
308073,Dudley,Robert Charles
308079,Dughet,Gaspard
308080,Dumesnil,Pierre Louis
308083,Duplessis,Joseph Siffred
308086,Dupont,Gainsborough
308087,Dupont,Richard Gainsborough
308088,Dupré,Jules
308090,Dürer,Albrecht
308093,German Painter,Unknown
308094,Dutch Painter,Unknown
308095,Dyck,Anthony van
308109,Eeckhout,Gerbrand van den
308111,Eisen,Charles Dominique Joseph
308113,Ekels,Jan
308114,Engebrechtsz,Cornelis
308120,Etty,William
308122,European Painter,Unknown
308125,Netherlandish Painter,Unknown
308127,Faber von Creuznach,Conrad
308129,Fabritius,Barent
308131,Faes,Peter
308133,Fantin-Latour,Henri
308141,Ferrari,Defendente
308142,Fetti,Domenico
308144,Flegel,Georg
308147,Flinck,Govert
308148,Fontana,Lavinia
308149,Foppa,Vincenzo
308150,Forain,Jean-Louis
308155,Fortuny Marsal,Mariano
308156,Fragonard,Jean Honoré
308166,Français,François-Louis
308168,Francesco di Giorgio Martini,Unknown
308170,Francia,Francesco
308180,Italian (Ferrarese) Painter,Unknown
308183,Rivalz,Antoine
308184,Le Motte,Jean François de
308211,French (Burgundian?) Painter,Unknown
308212,French (Fontainebleau) Painter,Unknown
308215,Northern French Painter,Unknown
308218,Spanish (Aragonese) Painter,Unknown
308219,Frère,Charles-Théodore
308220,Fromentin,Eugène
308223,Fungai,Bernardino
308224,Fuseli,Henry
308227,Fyt,Jan
308229,Gaddi,Agnolo
308232,Gainsborough,Thomas
308245,Gatti,Saturnino
308246,Gauguin,Paul
308251,Gentile da Fabriano (Gentile di Niccolò di Giovanni di Massio),Unknown
308252,Gentileschi,Artemisia
308253,Gericault,Théodore
308255,Gerini,Niccolò di Pietro
308267,Italian Painter,Unknown
308270,German (Nuremberg) Painter,Unknown
308271,Gérôme,Jean-Léon
308275,Gheyn,Jacques de
308279,Ghirlandaio,Domenico (Domenico Bigordi)
308281,Ghirlandaio,Davide (David Bigordi)
308283,Ghirlandaio,Domenico
308285,Ghissi,Francescuccio (Francesco di Cecco Ghissi)
308288,Giambono,Michele (Michele Giovanni Bono)
308289,Giampietrino (Giovanni Pietro Rizzoli),Unknown
308292,Giordano,Luca
308294,Giotto di Bondone,Unknown
308297,Giovanni di Paolo (Giovanni di Paolo di Grazia),Unknown
308307,Glaize,Pierre-Paul-Léon
308308,Gobert,Pierre
308309,Goes,Hugo van der
308312,Gogh,Vincent van
308326,Gossart,Jan (called Mabuse)
308328,Goya (Francisco de Goya y Lucientes),Unknown
308336,Goya,Unknown
308342,Goyen,Jan van
308348,Gozzoli,Benozzo (Benozzo di Lese di Sandro)
308353,Granacci,Francesco (Francesco di Andrea di Marco)
308354,Granacci,Francesco
308355,Granet,François Marius
308356,Greco,El (Domenikos Theotokopoulos)
308363,Greco El,Unknown
308365,Greuze,Jean-Baptiste
308375,Grooth,Georg Christoph
308376,Grooth,Johann Nikolaus
308377,Guardi,Francesco
308387,Guariento di Arpo,Unknown
308388,Guercino (Giovanni Francesco Barbieri),Unknown
308392,Guidobono,Domenico
308393,Habermann,Hugo von
308398,Hals,Dirck
308399,Hals,Frans
308412,Hanneman,Adriaen
308413,Harlow,George Henry
308414,Harpignies,Henri-Joseph
308416,Haverman,Margareta
308418,Heem,Jan Davidsz de
308420,Heemskerck,Maarten van
308423,Helst,Bartholomeus van der
308425,Hemessen,Jan Sanders van
308426,Henner,Jean-Jacques
308428,Heyden,Jan van der
308433,Hobbema,Meyndert
308436,Hogarth,William
308437,Holbein,Hans
308451,Hondecoeter,Melchior d'
308452,Hondius,Abraham
308455,Hooch,Pieter de
308460,Hoogstraten,Samuel van
308461,Hoppner,John
308471,Horemans,Peter Jacob
308475,Hulsdonck,Jacob van
308476,Humbert,Ferdinand
308477,Huys,Pieter
308478,Ingres,Jean Auguste Dominique
308484,Héquet,Gustave
308493,Isenbrant,Adriaen
308496,Israëls,Jozef
308501,Italian (Florentine) Painter,Unknown
308502,Master of the Magdalen,Unknown
308507,Italian (Lombard) Painter,Unknown
308509,Italian (Marchigian?) Painter,Unknown
308510,North Italian Painter,Unknown
308513,Italian (Pisan) Painter,Unknown
308514,Brueghel,Abraham
308515,Italian (Sienese) Painter,Unknown
308517,Italian (Umbrian) Painter,Unknown
308519,Italian (Venetian) Painter,Unknown
308523,Jacometto (Jacometto Veneziano),Unknown
308524,Jacopino del Conte,Unknown
308525,Daniele da Volterra (Daniele Ricciarelli),Unknown
308526,Jacque,Charles
308528,Janssen van Nuyssen,Abraham
308532,Jénot,Paulin
308533,Joest of Kalkar,Jan
308534,Joli,Antonio
308535,Jongh,Ludolf de
308536,Jongkind,Johan Barthold
308538,Jonson van Ceulen,Cornelis
308541,Joos van Cleve,Unknown
308548,Jordaens,Jacob
308550,Juan de Flandes,Unknown
308552,Justus of Ghent (Joos van Wassenhove),Unknown
308553,Kalf,Willem
308558,Kaulbach,Friedrich August von
308559,Kaulbach,Wilhelm von
308560,Keil,Bernhard
308561,Keuninck,Kerstiaen de
308562,Keyser,Thomas de
308563,Klimt,Gustav
308565,Frye,Thomas
308568,Købke,Christen
308569,Koekkoek,Barend Cornelis
308571,Koller,Guillaume
308572,Koninck,Philips
308575,Kuindzhi,Arkhip Ivanovich
308576,Kulmbach,Hans Süss von
308578,La Hyre,Laurent de
308580,La Tour,Georges de
308582,Labille-Guiard,Adélaïde
308583,Lairesse,Gerard de
308585,Landseer,Edwin Henry
308586,Largillierre,Nicolas de
308589,Lavieille,Eugène
308590,Lawrence,Thomas
308595,Le Sueur,Eustache
308598,Altomonte,Andreas
308600,Lee,Frederick Richard
308602,Lefebvre,Jules-Joseph
308603,Leibl,Wilhelm
308604,Leighton,Frederic
308606,Leloir,Alexandre-Louis
308607,Lely,Peter
308611,Lemoine,Marie Victoire
308612,Lenbach,Franz von
308615,León y Escosura,Ignacio de
308616,Lerolle,Henry
308617,Lhermitte,Léon-Augustin
308621,Liebermann,Max
308623,Ligozzi,Jacopo
308624,Lingelbach,Johannes
308626,Lione,Andrea di
308627,Lippi,Filippino
308630,Lippi,Fra Filippo
308638,Longhi,Pietro (Pietro Falca)
308642,Lorenzetti,Ambrogio
308643,Lorenzetti,Pietro
308644,Lorenzo di Credi (Lorenzo d'Andrea d'Oderigo),Unknown
308646,Lorenzo Monaco (Piero di Giovanni),Unknown
308650,Lotto,Lorenzo
308653,Luca di Tommè di Nuto,Unknown
308655,Leyden,Lucas van
308656,Luce,Maximilien
308658,Madrazo y de Ochoa,Federico de
308659,Madrazo y Garreta,Raimundo de
308662,Maes,Nicolaes
308668,Magnasco,Alessandro
308670,Makart,Hans
308671,Makovsky,Vladimir Egorovich
308672,Maldura,Giovanni
308673,Maler,Hans
308675,Mancini,Antonio
308676,Manet,Édouard
308698,Mantegna,Andrea
308702,Marchal,Charles-François
308703,Marcke,Émile van
308705,Maris,Jacob
308706,Maris,Matthys
308707,Marseus van Schrieck,Otto
308713,Maso di Banco,Unknown
308715,Metsys,Quentin
308718,Master of the Liège Disciples at Emmaus,Unknown
308719,Master of 1416,Unknown
308721,Master of the Acts of Mercy,Unknown
308722,North Netherlandish Painter,Unknown
308723,Dò,Juan
308725,Master of the Béguins (possibly Abraham Willemsens,Flemish
308727,Master of the Castello Nativity,Unknown
308732,Master of Flora,Unknown
308735,Master LC,Unknown
308736,Master of the Lanckoronski Annunciation,Unknown
308738,Netherlandish (Antwerp) Painter,Unknown
308739,Master G.Z.,Unknown
308742,Master of the Mansi Magdalen,Unknown
308745,Master of the Orcagnesque Misericordia,Unknown
308747,Master of Varlungo,Unknown
308748,Master called Pseudo-Pier Francesco Fiorentino,Unknown
308752,Master of the View of Sainte Gudule,Unknown
308753,Marco di Paolo Veneziano,Unknown
308755,Master of the Saint Ursula Legend,Unknown
308756,Master of the Story of Joseph,Unknown
308757,Master of the Virgin among Virgins,Unknown
308758,Matteo di Giovanni di Bartolo,Unknown
308759,Mauperché,Henri
308760,Mauve,Anton
308765,Max,Gabriel
308766,Mazo,Juan Bautista Martínez del
308769,Meissonier,Ernest
308773,Meléndez,Luis
308774,Memling,Hans
308782,Memmi,Lippo (Filippo di Memmo)
308785,Mengs,Anton Raphael
308787,Merle,Hugues
308788,Metsu,Gabriël
308792,Meulen,Adam Frans van der
308795,Michallon,Achille-Etna
308796,Michel,Georges
308798,Michele da Verona (Michele di Zenone),Unknown
308799,Michelin,Jean
308800,Michelino da Besozzo (Michelino de Mulinari),Unknown
308801,Miel,Jan
308802,Mierevelt,Michiel Jansz. van
308805,Mieris,Frans van
308806,Boonen,Arnold
308807,Mijtens,Daniël
308808,Millais,John Everett
308809,Millet,Francisque
308810,Millet,Jean-François
308817,Mola,Pier Francesco
308818,Molijn,Pieter de
308819,Monamy,Peter
308820,Monet,Claude
308855,Monogrammist LAM,Unknown
308856,Montagna,Bartolomeo (Bartolomeo Cincani)
308858,Montemezzano,Francesco
308859,Monticelli,Adolphe
308863,Mor van Dashorst,Anthonis
308865,Moreau,Gustave
308866,Moreelse,Paulus
308867,Moretto da Brescia (Alessandro Bonvicino),Unknown
308870,Morisot,Berthe
308872,Morland,George
308873,Moroni,Giovanni Battista
308878,Mostaert,Jan
308879,Mucha,Alphonse
308880,Munkácsy,Mihály
308881,Murant,Emanuel
308882,Murillo,Bartolomé Estebán
308887,Meytens,Martin van
308888,Naiveu,Matthijs
308889,Nasmyth,Patrick
308890,Natoire,Charles Joseph
308891,Nattier,Jean Marc
308896,Francken,Frans
308897,Neeffs,Pieter
308899,Neer,Aert van der
308902,Neer,Eglon van der
308903,Neroccio de' Landi,Unknown
308906,Nesterov,Mikhail Vasilievich
308907,Netherlandish (Bruges) Painter,Unknown
308908,North Netherlandish (Utrecht?) Painter,Unknown
308917,Master of the Female Half-Lengths,Unknown
308918,Netherlandish (Antwerp Mannerist) Painter,Unknown
308921,Netherlandish Painter (possibly Goswijn van der Weyden,Unknown
308922,Master of the Dinteville Allegory,Unknown
308923,Netscher,Caspar
308924,Neuville,Alphonse-Marie-Adolphe de
308926,Niccolò di Buonaccorso,Unknown
308927,Niccolò di Pietro,Unknown
308931,Ochtervelt,Jacob
308932,Orley,Bernard van
308934,Ortolano,L' (Giovanni Battista Benvenuti)
308935,Osma Master,Unknown
308936,Ostade,Adriaen van
308937,Oudry,Jean-Baptiste
308940,Ovens,Jürgen
308941,Overschee,Pieter van
308942,Owen,William
308944,Pagni,Benedetto
308945,Palma,Jacopo
308946,Palmeruccio,Guido (Guiduccio Palmerucci)
308947,Panini,Giovanni Paolo
308950,Fei,Paolo di Giovanni
308951,Paolo Veneziano,Unknown
308952,Bedoli,Girolamo Mazzola
308953,Pasini,Alberto
308957,Cavalori,Mirabello
308958,Pater,Jean-Baptiste Joseph
308964,Peake,Robert
308967,Pécheux,Laurent
308968,Pellegrini,Giovanni Antonio
308969,Pelouse,Léon-Germain
308970,Perov,Vasilii Grigorievich
308971,Peruvian (Cuzco) Painter,Unknown
308973,Perugino (Pietro di Cristoforo Vannucci),Unknown
308974,Peruzzi,Baldassare Tommaso
308976,Pesellino (Francesco di Stefano),Unknown
308979,Pettenkofen,August Xaver Karl von
308980,Philips,Charles
308981,Piazzetta,Giovanni Battista
308982,Pickenoy,Nicolaes Eliasz
308983,Piero di Cosimo (Piero di Lorenzo di Piero d'Antonio),Unknown
308986,Pierre,Jean-Baptiste Marie
308989,Pietro di Domenico da Montepulciano,Unknown
308990,Pietro di Francesco Orioli,Unknown
308992,Piloty,Karl Theodor von
308993,Pirez,Alvaro
308994,Pissarro,Camille
309013,Plassan,Antoine-Émile
309015,Polenov,Vasilii Dmitrievich
309016,Pollaiuolo,Piero del (Piero di Jacopo Benci)
309017,Post,Frans
309018,Pourbus,Pieter Jansz.
309019,Pourbus,Frans
309020,Poussin,Nicolas
309026,Predis,Giovanni Ambrogio de
309027,Preti,Mattia (Il Cavalier Calabrese)
309029,Procaccini,Giulio Cesare
309030,Provost,Jan
309032,Prud'hon,Pierre Paul
309034,Pulzone,Scipione (Il Gaetano)
309035,Puvis de Chavannes,Pierre
309043,Pynas,Jacob
309044,Quast,Pieter Jansz.
309046,Raeburn,Henry
309057,Raffaëlli,Jean-François
309059,Raffaellino del Garbo,Unknown
309062,Raphael,Unknown
309063,Ravesteyn,Jan van
309064,Recco,Giuseppe
309066,Redon,Odilon
309072,Regnault,Henri
309073,Rembrandt (Rembrandt van Rijn),Unknown
309091,Rembrandt,Unknown
309110,Reni,Guido
309112,Renoir,Auguste
309128,Repin,Ilia Efimovich
309143,Ribera,Jusepe de (called Lo Spagnoletto)
309144,Ribot,Théodule-Augustin
309145,Ricci,Sebastiano
309148,Rico y Ortega,Martín
309151,Rigaud,Hyacinthe
309155,Riviere,Briton
309156,Robert,Hubert
309173,Rogier van der Weyden,Unknown
309179,Rohrich,Franz Wolfgang
309181,Romanelli,Giovanni Francesco
309183,Romney,George
309188,Chandler,John Westbrooke
309191,Rosa,Salvator
309194,Rosselli,Cosimo
309196,Rousseau,Henri (le Douanier)
309197,Rousseau,Philippe
309198,Rousseau,Théodore
309206,Rubens,Peter Paul
309225,Ruisdael,Jacob van
309241,Russian Painter,Unknown
309256,Ruysdael,Salomon van
309262,Ryckaert,David
309264,Sacchi,Andrea
309268,Salviati,Francesco (Francesco de' Rossi)
309270,Sánchez Coello,Alonzo
309276,Saraceni,Carlo
309278,Sarto,Andrea del (Andrea d'Agnolo)
309281,Sassetta (Stefano di Giovanni),Unknown
309291,Savoldo,Giovanni Gerolamo
309292,Savrasov,Alexei Kondratievich
309294,Schalcken,Godfried
309296,Schenck,August Friedrich Albrecht
309297,Schiavone,Andrea (Andrea Meldola)
309298,Schongauer,Ludwig
309299,Schrader,Julius
309300,Schreyer,Adolf
309302,Scott,Samuel
309304,Sebastiano del Piombo (Sebastiano Luciani),Unknown
309305,Sebastiano del Piombo,Unknown
309306,Sébillot,Paul
309307,Seeman,Enoch
309308,Segna di Buonaventura,Unknown
309311,Sellaio,Jacopo del
309313,Seurat,Georges
309319,Seymour,James
309320,Shee,Martin Archer
309325,Sickert,Walter Richard
309326,Signac,Paul
309329,Signorelli,Luca (Luca d'Egidio di Luca di Ventura)
309330,Martini,Simone
309335,Sisley,Alfred
309342,Slingelandt,Pieter van
309352,Snayers,Pieter
309353,Solario,Andrea
309355,Solimena,Francesco
309357,Sorgh,Hendrick
309358,Sorolla y Bastida,Joaquín
309364,Spanish (Sevillian) Painter,Unknown
309366,Ries,Ignacio de
309368,Spanish (Castilian) Painter,Unknown
309369,Spanish (Catalan) Painter,Unknown
309373,Spanish (Oña) Painter,Unknown
309374,Spanish (Valencian) Painter,Unknown
309377,Stanzione,Massimo
309378,Steen,Jan
309381,Steenwijck,Hendrick van
309382,Steer,Philip Wilson
309384,Stevens,Alfred
309387,Stom,Matthias
309388,Strigel,Bernhard
309389,Strij,Jacob van
309391,Strozzi,Bernardo
309392,Stubbs,George
309394,Sustermans,Justus
309395,Sustris,Lambert
309396,Sweerts,Michiel
309397,Swiss Painter,Unknown
309402,Taunay,Nicolas Antoine
309403,Teniers,David
309410,Testa,Pietro
309413,Thoma,Hans
309414,Tiepolo,Giovanni Battista
309438,Tiepolo,Giovanni Domenico
309442,Tilborgh,Gillis van
309443,Tintoretto,Jacopo (Jacopo Robusti)
309448,Titian (Tiziano Vecellio),Unknown
309452,Titian,Unknown
309456,Tommaso Fiorentino (Tommaso di Stefano Lunetti),Unknown
309458,Toulouse-Lautrec,Henri de
309464,Tournières,Robert Levrac
309465,Traversi,Gaspare
309468,Trémolières,Pierre Charles
309470,Troyon,Constant
309472,Trübner,Wilhelm
309473,Tura,Cosmè (Cosimo di Domenico di Bonaventura)
309476,Turner,Joseph Mallord William
309481,Tzanès,Emmanuel
309483,Giovanni di Franco,Unknown
309484,von Uhde,Fritz
309485,Vaillant,Wallerant
309486,Valdés Leal,Juan de
309488,Vallayer-Coster,Anne
309489,Vanloo,Carle (Charles André)
309490,Vanni,Lippo (Lippo Vanni di Giovanni)
309491,Veerendael,Nicolaes van
309492,Velázquez (Diego Rodríguez de Silva y Velázquez),Unknown
309496,Velázquez,Unknown
309500,Velde,Willem van de
309501,Vermeer,Johannes
309507,Vermeyen,Jan Cornelisz
309509,Vernet,Carle (Antoine Charles Horace)
309510,Vernet,Joseph
309511,Vernet,Horace
309513,Veronese,Paolo (Paolo Caliari)
309516,Verrocchio,Andrea del
309517,Verspronck,Johannes
309518,Vestier,Antoine
309519,Vibert,Jean-Georges
309521,Victors,Jan
309522,Vigée Le Brun,Élisabeth Louise
309525,Villegas y Cordero,José
309526,Villers,Marie Denise
309530,Vivarini,Antonio
309532,Vivarini,Bartolomeo
309534,Vlieger,Simon de
309535,Vliet,Hendrick van
309536,Vollon,Antoine
309537,Vos,Cornelis de
309540,Vosmaer,Jacob
309541,Vries,Abraham de
309542,Vries,Roelof van
309543,Wahlberg,Alfred
309544,Watteau,Antoine
309548,Watts,Frederick Waters
309549,Watts,George Frederic
309550,Weenix,Jan
309552,Wilkie,David
309553,Wilson,Richard
309554,Winterhalter,Franz Xaver
309557,Wissing,Willem
309564,Wouwerman,Philips
309565,Wright,Joseph (Wright of Derby)
309566,Wtewael,Joachim
309567,Wtewael,Peter
309568,Zaganelli,Francesco (Francesco di Bosio)
309574,Zorn,Anders
309578,Zuccarelli,Francesco
309580,Zurbarán,Francisco de
309584,Chassériau,Théodore
309585,Achenbach,Andreas
309586,Franceschini,Marcantonio
309587,Sodoma (Giovanni Antonio Bazzi),Unknown
309588,Aivazovsky,Ivan Konstantinovich
309590,Wals,Goffredo
309625,Gaddi,Taddeo
309637,Girodet-Trioson,Anne Louis
309639,Tissot,James
309655,Troy,Jean François de
309662,Santi di Tito,Unknown
309668,Berghe,Christoffel van den
309671,Heda,Willem Claesz
309679,Scarsellino (Ippolito Scarsella),Unknown
309681,Liss,Johann
309685,Friedrich,Caspar David
309687,Carracci,Ludovico
309694,Master of the Berswordt Altar,Unknown
309696,Witte,Emanuel de
309697,Aman-Jean,Edmond-François
309700,Stoskopff,Sebastian
309702,Gérard,François
309704,Heim,François Joseph
309707,Gros,Antoine Jean
309711,Tischbein,Johann Heinrich Wilhelm
309713,Franquelin,Jean-Augustin
309716,Bertin,Jean Victor
309718,Bidauld,Joseph
309720,Bonnefond,Claude
309721,Bouton,Charles Marie
309722,Calame,Alexandre
309723,Catel,Franz Ludwig
309724,Cogniet,Léon
309726,Coignet,Jules
309729,Dauzats,Adrien
309731,Denis,Simon
309738,Diday,François
309739,Dunouy,Alexandre Hyacinthe
309742,Flandrin,Hippolyte
309743,Flandrin,Paul
309744,Fragonard,Alexandre Evariste
309746,Giroux,André
309748,La Bouëre,Antoine-Xavier-Gabriel de Gazeau
309749,Lehmann,Henri
309750,Leprince,Auguste-Xavier
309753,Montessuy,Jean-François
309754,Pallière,Léon
309756,Picot,François Édouard
309757,Rémond,Jean-Charles-Joseph
309761,Robert,Léopold
309762,Salières,Paul-Narcisse
309764,Vafflard,Pierre Antoine Augustin
309765,Valenciennes,Pierre Henri de
309766,Verboeckhoven,Eugène-Joseph
309768,Barocci,Federico
309772,Lancret,Nicolas
309777,Duccio di Buoninsegna,Unknown
309778,South German (Bavarian?) Painter,Unknown
309780,Le Nain,Antoine
309782,Marzi,Bruno
309795,Giunti,Umberto
309799,Gaertner,Eduard
309800,Rottmann,Carl
309801,Giaquinto,Corrado
309804,Carus,Carl Gustav
309806,Hansen,Constantin
309807,Isabey,Eugène
309808,Lundbye,Johan Thomas
309809,Rørbye,Martinus
309811,Dahl,Johan Christian
309815,Zoffany,Johan Joseph
309816,Subleyras,Pierre Hubert
309821,Leypold,Julius von
309823,Heinrich,August
309825,Blechen,Karl
309830,Cels Jean-Michel,Unknown
309831,Closson,Gilles-François-Joseph
309834,Constantin,Jean Antoine
309843,Desgoffe Alexandre,Unknown
309844,Dillis,Johann Georg von
309847,Fearnley,Thomas
309851,Fleury Léon,Unknown
309858,Jones,Thomas
309859,Leprince Robert-Léopold,Unknown
309860,Lucas August,Unknown
309861,Bendz,Wilhelm
309864,Hummel,Johann Erdmann
309868,Reinhold Heinrich,Unknown
309870,Ricois François-Edme,Unknown
309871,Söderberg Gustaf,Unknown
309872,Töpffer,Wolfgang Adam
309873,Turpin de Crissé,Lancelot Théodore
309885,Sarazin de Belmont,Joséphine
309890,Benouville,Jean-Achille
309891,Biedermann,Johann Jakob
309892,French Painter (Antoine-Félix Boisselier?),ca. 1825
309896,Camuccini,Giovanni Battista
309899,Koch,Joseph Anton
309900,Valentin de Boulogne,Unknown
309914,Dubuisson,Alexandre
309915,Dumax,Ernest-Joachim
309916,Fielding,Thales
309918,Frølich,Lorenz
309920,Gille,Christian Friedrich
309924,Gurlitt,Louis
309926,Klein,Johann Adam
309927,Kobell,Wilhelm von
309928,Lapito,Louis-Auguste
309929,Lear,Edward
309930,Marstrand Wilhelm,Unknown
309932,Mongin,Antoine Pierre
309933,Morgenstern,Carl
309934,Nerly,Friedrich
309935,Palm,Gustav Wilhelm
309936,Petersen,Vilhelm
309939,Petzholdt,Fritz
309950,Wallis,George Augustus
309952,Faber Johann Joachim,Unknown
309953,Bassano,Jacopo (Jacopo da Ponte)
309961,Wheatley,Francis
309963,Frith,William Powell
309964,Menzel,Adolph
309968,Gandolfi,Gaetano
309969,Dieffenbach,Anton
309970,Tarchiani,Filippo
309971,Ugolino da Siena,Unknown
309972,Borgianni,Orazio
309974,Gordigiani,Michele
309978,Perino del Vaga (Pietro Buonaccorsi),Unknown
309980,Maffei,Francesco
309981,Nuvolone,Carlo Francesco
309982,Candid,Peter (Pieter de Witte
309986,Lecomte du Nouÿ,Jean
309988,Pavy,Philippe
309991,Loubon,Émile
309992,Eckersberg,Christoffer Wilhelm
309994,Hammershøi,Vilhelm
309995,Trevisani,Francesco
309999,Leoni,Ottavio (Il Padovano)
310000,Conte,Meiffren
310001,Esteve y Marques,Augustín
310006,Le Brun,Charles
322450,Doğançay,Burhan
322451,Banisadr,Ali
322457,Houshiary,Shirazeh
322461,Ossouli,Farah
322466,Grigorian,Marcos
322583,Gulgee,Isma'il
322626,Abbassy,Samira
322627,Derakhshani,Reza
322670,Ave,Fereydoun
322702,Ehsaey,Seyed Mohammad
322775,Mohassess,Ardeshir
322780,Siena,Barna da
322782,Bartolo di Fredi,Unknown
322786,Niccolò di Buonaccorso,Workshop of
322790,Goodhart Ducciesque Master,Unknown
322791,da Pesaro,Giovanni Antonio
322793,Osservanza Master,Unknown
322804,Sano di Pietro (Ansano di Pietro di Mencio),Unknown
322812,Ioni,Icilio Federico
322818,Benvenuto di Giovanni,Unknown
322825,Daddesco,Maestro
322826,Botticelli,Workshop of
322828,Spinello Aretino (Spinello di Luca Spinelli),Unknown
322830,Cione,Andrea di (Orcagna)
322831,Jacopo di Cione,Unknown
322834,Bicci di Lorenzo,Unknown
322838,Neri di Bicci,Unknown
322842,Master of Marradi,Unknown
322844,Alesso di Benozzo,Unknown
322845,Lorenzo Veneziano,Unknown
322846,Master of Forlì,Unknown
322850,di Maestro Antonio,Unknown
322854,Carlevaris,Luca
322858,Cimaroli,Giambattista
322862,Maestro delle Storie del Pane,Unknown
322865,Italian,Lombard (probably Pavia)
322866,Master of the Dominican Effigies,Unknown
322867,Antonio del Massaro da Viterbo,Unknown
322869,Italian,Neapolitan Follower of Giotto
322870,Baronzio,Giovanni
322871,Master of Saint Francis,Unknown
322872,Puccio di Simone,Unknown
322874,Niccolò Alunno (Niccolò di Liberatore),Unknown
322875,Italian Painter,of uncertain date
322883,Master of Frankfurt,Unknown
322888,Netherlandish Painter,second half of 16th century
322891,Netherlandis,Unknown
322892,Dutch (Utrecht Caravaggist) Painter,17th century
322895,Marmion,Simon
322896,Netherlandish or French,Unknown
322897,Hey,Jean (called Master of Moulins)
322898,Master of Saint Giles,Unknown
322899,Corneille de Lyon,Attributed to
322900,Master of the Munich Bavarian Panels,Unknown
322901,German,Unknown
322904,Master H.A. or A.H.,Unknown
322906,Dutch (Amsterdam) Painter,about 1640–50
322914,Velázquez,Diego Rodríguez de Silva y
322916,Hauer,Jean Jacques
322919,Cross,Henri-Edmond
322926,Guillaumin,Armand
322947,Trouillebert,Paul-Désiré
322950,Netherlandish,Unknown
322954,Ugolino da Siena (Ugolino di Nerio),Unknown
322957,Bulgarini,Bartolomeo
322959,Barna da Siena,Unknown
322964,Bonnard,Pierre
322967,Braque,Georges
322968,Chagall,Marc
322969,Derain,André
322970,d'Espagnat Georges,Unknown
322979,Loiseau,Gustave
322982,Vuillard,Édouard
322983,Marquet,Albert
322985,Matisse,Henri
322988,Rouault,Georges
322989,Utrillo,Maurice
322990,Valtat,Louis
322992,Villon,Jacques
322993,Vlaminck,Maurice de
323002,Italian [Tuscan] Painter,first quarter of 14th century
323007,Balthus (Balthasar Klossowski),Unknown
323082,Pietro di Giovanni d'Ambrogio,Unknown
323184,van Dongen,Kees
323606,Rego Monteiro,Vicente do
323958,Dyf,Marcel
323969,Bezombes,Roger
324001,Edzard,Dietz
324034,André,Albert
324067,Pignon,Edouard
324237,Ruiz Cristóbal Attributed to,Unknown
324271,Canevari,Carlo
324282,Sinko,Armand
324319,Westchiloff,Constantin Alexandrovitch
324612,Legueult,Raymond
324642,Kulkarni Dattatray Gundo,Unknown
324804,Ambille Paul,Unknown
324809,Romero,Pepe
324810,French or American,Unknown
324812,Brayer,Yves
324814,Alechinsky,Pierre
324816,Terechkovitch,Unknown
324912,Bauchant André,Unknown
324914,Valore,Lucy
324944,Grau-Sala,Emil
324985,American Painter,Unknown
325063,Sánchez,Samuel
325257,Valadon,Suzanne
325277,Eisenschitz,Willy
325281,Brasilier,André
325292,Rohner George,Unknown
325293,Hugo,Jean
325297,Palencia,Benjamín
325363,Vertès Marcel,Unknown
330746,Ram,Domingo
331456,Master of Belmonte,Unknown
331629,Master of Saint Augustine,Unknown
331630,Master of the Codex of Saint George,Unknown
331988,Niccolò di Tommaso,Unknown
335303,Rothenstein,William
335313,Bellows,George
335317,Dougherty,Paul
335318,Speicher,Eugene
335320,Steichen,Edward J.
335322,Lie,Jonas
335324,Orpen,William
335365,Kent,Rockwell
335367,Chapman,Charles Shepard
335393,Albers,Josef
335394,Chirico,Giorgio de
335415,Nolde,Emil
335430,Picasso,Pablo
335433,Stamos,Theodoros
335511,Avedisian,Edward
335513,Goldberg,Chaim
335514,Marca-Relli,Conrad
335516,Kupka,František
335525,Dickinson,Preston
335527,Rothko,Mark
335528,Smith,Leon Polk
335530,Lockwood,Ward
335545,Schumacher,Emil
335546,Sugai,Kumi
335567,Stella,Frank
335589,Diebenkorn,Richard
335591,Hockney,David
335592,Hartung,Hans
335593,Grigoriev,Boris
335600,Shoukhaiev,Vasili
335601,Kustodiev,Boris Mikhailovich
335602,Mashkov,Ilya
335604,Kelly,Ellsworth
335608,Fussmann,Klaus
335619,Guston,Philip
335637,Sills,Thomas
335639,Fosburgh,James Whitn
335735,Parker,Raymond
335736,Osorio,Carlos
335748,Dzubas,Friedel
335752,Vicente,Esteban
335754,Poons,Larry
335755,Davis,Gene
335779,Brodie,Gandy
335780,Drummond,Sally Hazel
335810,Tchelitchew,Pavel
335817,Noland,Kenneth
335818,Christensen,Dan
335819,Sander,Ludwig
335835,Whitten,Jack
335838,Olitski,Jules
335839,Newman,Barnett
335841,Brooks,James
335842,Gottlieb,Adolph
335844,De Kooning,Willem
335846,Avery,Milton
335851,Hendler,Maxwell
335855,Hennessy,Richard
335857,Wyeth,N C
335858,Hofmann,Hans
335862,Liberman,Alexander
335864,Knaths,Karl
335873,Picco,Charles
335888,Bolotowsky,Ilya
335890,Munnings,Alfred
335893,John,Gwen
335900,Held,Al
335901,Porter,Fairfield
335902,Bannard,Walter Darby
335903,Louis,Morris
335905,Carles,Arthur B
335919,Reinhardt,Ad
335944,Mason,Alice Trumbull
336026,Mclaughlin,John
336031,Thompson,Bob
336035,Still,Clyfford
336049,Warhol,Andy
336063,Dewasne,Jean
336077,Baziotes,William
336085,Budd,David
336102,Auerbach,Frank
336142,Wilson,Jane
336143,Freilicher,Jane
336154,Blaine,Nell
336159,Pearlstein,Philip
336167,Delvaux,Paul
336172,Day,John
336239,Hirsch,Joseph
336242,Woodruff,Hale
336244,Zox,Larry
336249,Kulicke,Robert
336251,Ross,Clifford
336285,Katz,Alex
336292,Greene,Gertrude Glas
336297,Nicholson,William
336305,Welliver,Neil
336306,Belmont,I J
336313,Kahn,Wolf
336330,Gilliam,Sam
336339,Zorach,William
336340,Zorach,Marguerite
336347,Lanigan-Schmidt,Thom
336348,Guevara,Meraud
336363,Brown,Frederick J
336378,Seliger,Charles
336379,Gatch,Lee
336384,Soyer,Raphael
336397,Dine,Jim
336400,Rouan,Francois
336401,Flack,Audrey
336439,Botton,Jean Isy de
336442,Kuhn,Walt
336443,Golubov,Maurice
336459,Morley,Malcolm
336464,Resnick,Milton
336465,Baber,Alice
336478,Thomas,Gwenn
336484,Brandt,Warren
336490,Ashbaugh,Dennis
336501,Lichtenstein,Roy
336503,Witek,Joan
336560,Bowling,Frank
336562,Bailey,Malcolm
336574,Clarke,John Clem
336575,Baynard,Ed
336595,Rockwell,Norman
336615,Kelly,Leon
336616,Anuszkiewicz,Richard
336617,Spencer,Stanley
336619,Andrews,Michael
336620,Grant,Duncan
336622,Snyder,Joan
336625,Buckley,Stephen
336634,Ohlson,Doug
336642,Berea,Dimitrie
336643,Honig,Mervin
336655,Halpert,Samuel
336660,Jensen,Bill
336661,Kaish,Luise
336666,Barnet,Will
336668,Davis,Stuart
336669,Neel,Alice
336670,Hoff,Margo
336672,Renouf,Edda
336714,Shulman,Morris
336721,Dubuffet,Jean
336727,Harari,Hananiah
336728,Drewes,Werner
336731,Bowden,Harry
336747,Jones,Lois Mailou
336753,Nahas,Nabil
336761,Stael,Nicolas De
336762,Burliuk,David
336765,Hartigan,Grace
336767,Swain,Robert
336770,Wurmfeld,Sanford
336773,Schrag,Karl
336814,Helion,Jean
336828,Chatterton,C K
336856,Jacquette,Yvonne
336862,Pollock,Jackson
336869,Lau,Rex
336876,Man Ray,Unknown
336882,Tansey,Mark
336896,Torres,Horacio
336926,Edlich,Stephen
336930,Kitaj,R.B.
336933,Ting,Walasse
336935,Gillespie,Gregory
336937,Pippin,Horace
336945,Pousette-Dart,Richard
336951,Rosenquist,James
336954,David,Michael
336959,Baum,Mark
336961,Dudley,Randy
336967,Moore,John
336968,Fish,Janet
336969,Walker,John
336970,Chase,Louisa
336974,Twombly,Cy
336993,Portnow,Marjorie
336994,Fini,Leonor
336996,Foujita,Tsuguharu
337000,Bosman,Richard
337001,Hanani,Jacob El
337005,Krasner,Lee
337006,Trebilcock,Paul
337009,Tamayo,Rufino
337029,Duval,Jeanne
337030,Botero,Fernando
337031,Ferrer,Rafael
337032,Innerst,Mark
337036,Garabedian,Charles
337042,Natkin,Robert
337048,Peterdi,Gabor F.
337049,Lieber,Tom
337051,Bischoff,Elmer
337056,Kroll,Leon
337057,Smith,David
337058,Park,David
337059,Mitty,Lizbeth
337063,Picabia,Francis
337071,Pereira,Irene Rice
337077,Bostick,Lynn
337126,Havard,James
337128,Hartley,Marsden
337133,Johnson,Lester
337135,Glarner,Fritz
337141,Forsman,Chuck
337143,Weinberg,Jonathan
337144,Wojnarowicz,David
337149,Rohrer,Warren
337153,Gamarra,Jose
337291,Burton,Sigrid
337299,Landfield,Ronnie
337304,Coleman,Glenn
337305,Mayer,Ralph
337306,Brown,Roger
337308,O'Donnell,Hugh
337317,Mcgarrell,James
337318,Wong,Martin
337319,Wizon,Tod
337326,Bates,David
337327,Hannah,Duncan
337328,Brown,James
337329,Hartmann,Jacques
337334,Grooms,Red
337336,Smith,Dennis
337338,Miró,Joan
337362,Koscianski,Leonard
337397,Davis,James G
337399,Hatke,Walter
337407,Nelson,Dona
337411,Shields,Alan
337412,Wethli,Mark
337418,Rosenborg,Ralph
337429,Klee,Paul
337487,Bisttram,Emil
337488,Garman,Ed
337490,Helm,Robert
337491,Africano,Nicholas
337520,Villa,Saul
337535,Kuniyoshi,Yasuo
337546,Laurencin,Marie
337568,Marchand,Jean
337621,Munch,Edvard
337631,Pascin,Jules
337800,Chapin,James Ormsbee
337811,cummings,e. e.
337834,Martin,Agnes
337835,Slonem,Hunt
337836,Jacobson,Gary
337864,Nick,George
338139,Amenoff,Gregory
338152,Downes,Rackstraw
338153,True,David
338173,Santore,Joseph
338174,Mcnamara,John
338184,Gornik,April
338191,Floch,Joseph
338419,Solow,Peter
338442,Valerio,James
338443,Nozkowski,Thomas
338448,Scully,Sean
338451,Peck,George
338456,Slobodkina,Esphyr
338457,Cruz,Azaceta Luis
338477,Lowe,Robert
338484,Jessup,Robert
338509,Goodman,Sidney
338518,Ferren,John
338519,Gallatin,Albert Eugene
338520,Morris,George L K
338524,Arakawa,Unknown
338534,Baselitz,Georg
338535,Messer,Sam
338604,Weber,Max
338631,Baker,Chris
338644,Moynihan,Rodrigo
338645,Kirschenbaum,Jules
338646,Jaffe,Lee
338657,Roberts,Stone
338670,Mcneil,George
338671,Dickson,Jane
338672,Hull,John
338673,Booth,Peter
338676,Goldberg,Glenn
338678,Kiff,Ken
338681,Monks,John
338683,Fletcher,Peter
338684,Janowich,Ron
338688,Luyten,Mark
338689,Laemmle,Cheryl
338704,Karfiol,Bernard
338713,Waid,Jim
338720,Bush,Jack
338755,Ryan,Anne
338771,Lempicka,Tamara De
338772,Samaras,Lucas
338773,Moholy-Nagy,László
338779,Fellner,Tom
338780,Howes,Royce
338781,Schindler,Thomas
338782,Fishman,Louise
338808,Kline,Franz
338882,Bergman,Ciel
338896,Cavallon,Giorgio
338898,Murphy,Catherine
338932,Sultan,Donald
338933,Rebay,Hilla
338935,Larmon,Kevin
338939,Nickson,Graham
338942,Greene,Robert
338951,Léger,Fernand
338953,Smart,Jeffrey
338960,Colescott,Robert
338964,Friedman,Arnold
338969,Moriah,Avner
338971,Mabbutt,Mary
338972,Waller,Jonathan
338983,Kolibal,Stanislav
338986,Rubenstein,Ephraim
338987,Beerman,John
338988,Juarez,Roberto
338989,Sansom,Gareth
338992,Close,Chuck
338995,Robinson,William
338999,Pugh,Clifton
339006,Hawley,Steve
339013,Reed,David
339020,Rodriguez,Arturo
339030,Beal,Jack
339034,Schwabacher,Ethel
339058,Guinan,Robert
339061,O'Keeffe,Georgia
339066,Ben-Zion,Unknown
339067,Ray,Rudolf
339068,Klossowski,Erich
339110,Sharrer,Honore
339111,Sonfist,Alan
339114,Witkin,Jerome
339133,Blake,Peter
339163,Kauffer,Edward McKnight
339166,Buechner,Thomas S
339170,Motherwell,Robert
339184,Manes,Paul
339186,Bellany,John
339188,Mann,Eda Mirsky
339191,Bowling,Katherine
339196,Jenney,Neil
339248,Cretara,Domenic
339257,Sullivan,Jim
339258,Waite,Peter
339264,Mason,Robert
339266,Ott,Sabina
339269,Ippolito,Angelo
339283,Dona,Lydia
339284,Kuper,Yuri
339288,Shambroom,Donald
339370,Krueger,David
339371,Saul,Peter
339372,Kalinin,Viacheslav
339379,Aach,Herb
339386,Torr,Helen
339410,Brauntuch,Troy
339412,Schnabel,Julian
339414,Murray,Elizabeth
339416,Constant,George
339421,Eisner,Dorothy
339422,Howson,Peter
339423,Spence,Andrew
339427,Jones,Lucy
339428,Bordo,Robert
339431,Deihl,Randall
339432,Benney,Paul
339434,Lowly,Timothy
339435,Robb,Carole
339437,Sultan,Altoon
339438,Clarke,Richard
339441,Sanchez,Juan
339445,Applebroog,Ida
339456,Polsky,Cynthia Hazen
339457,Milow,Keith
339461,Porter,Katherine
339463,Wilson,Helen Miranda
339466,Dunand,Jean
339467,Bladen,Ronald
339514,Tjakamarra,Anatjari
339517,Mitchell,Joan
339521,Heywood,Sally
339524,Treiman,Joyce
339534,Stephan,Gary
339547,Fink,Aaron
339548,Andrews,Benny
339556,Artschwager,Richard
339557,Kossoff,Leon
339559,Conroy,Stephen
339561,Ledgerwood,Judy
339584,Marinot,Maurice
339590,Vaughn,Salle Werner
339591,Koch,John
339600,Ortiz,Ruben
339603,Gonzalez,Veites Jose
339607,Avery,Sally Michel
339612,Ringgold,Faith
339614,Arango,Alejandro
339618,Nunez,Dulce Maria
339629,Serger,Frederick
339693,Sierra,Susana
339695,Romo,Jose Luis
339696,Martin,Del Campo Mar
339699,Castro,Lenero Miguel
339707,Andoe,Joe
339742,Boccioni,Umberto
339824,Fisher,Sandra
339844,D'Arcangelo,Allan
339857,Kompanek,Vladimir
339873,Cumming,Robert
339876,Desiderio,Vincent
339883,Afro,Unknown
339891,Burlin,Paul
339892,Porter,Liliana
339895,Hernandez,Adan
339903,Charlot,Jean
339909,Mahaffey,Merrill
339911,Weber,Idelle
339912,Weiskopf,Amy
339917,Smith,Houghton Cranf
339947,Valdes,Manolo
339948,Bouche,Louis
339956,Storrier,Tim
339962,Glushakow,Jacob
339974,Vegas,Federico
339981,Kramer,Harry
339983,Music,Zoran
339989,Baizerman,Eugenie
339990,Carlin,Jerome
339991,Crawford,Ralston
339992,Jacklin,Bill
339993,Fresnaye,Roger de la
340006,Vieira,Da Silva Mari
340007,Wiegand,Charmion Von
340013,Diller,Burgoyne
340025,Mondrian,Piet
340084,Komar & Melamid,Unknown
340085,Lewis,Norman
340087,Edwards,Margery
340093,Fudge,John R
340094,Reznikoff,Misha
340104,Arp,Jean
340105,Mckenzie,Mary Beth
340106,Dubrow,John
340116,Dix,Otto
340126,Boyd & Evans,Unknown
340127,Butler,James D
340128,Brook,Alexander
340192,Dove,Arthur
340195,Sheeler,Charles
340218,Delaney,Beauford
340219,Hannock,Stephen
340222,Williams,Fred
340231,Bartlett,Jennifer
340233,Rothenberg,Susan
340238,Gascoigne,Rosalie
340250,Macleod,Euan
340252,Tillers,Imants
340253,Delaney,Joseph
340335,Guglielmi,O Louis
340353,Nice,Don
340357,Safranek,Douglas
340359,Lethbridge,Julian
340361,Fonseca,Caio
340362,Viti,Anthony
340369,MacIver,Loren
340376,Anthony,William
340379,Hawdon,Paul
340398,Eduardo,Jorge
340423,Sapia,Mariano
340426,Kami,Y Z
340436,Cotton,Judith
340438,Walkingstick,Kay
340457,Schapiro,Miriam
340459,Burton,Richmond
340462,Pollack,Reginald
340467,Tracy,Lois Bartlett
340470,Lane,Lois
340472,Bell,Leland
340474,Lamm,Leonid
340476,Amaral,Antonio Henrique
340477,Padura,Miguel
340478,Frankenthaler,Helen
340485,Freud,Lucian
340490,Noel,Georges
340491,Cadmus,Paul
340507,Soutine,Chaim
340508,Wonnacott,John
340520,Nevinson,Christopher Richard Wynne
340528,Klamen,David
340532,Rolph,Daniel
340535,Leapman,Edwina
340542,Morris,Cedric
340543,Granger-Taylor,Nicol
340544,Bultman,Fritz
340569,Saunders,Raymond
340576,Matta,Roberto
340582,De Kooning,Elaine
340587,Hodgkin,Howard
340592,Greene,Stephen
340688,Lucioni,Luigi
340746,Oulton,Therese
340748,Harms,Robert
340754,Baskerville,Charles
340758,Spencer,Niles
340763,Niewald,Wilbur
340774,Elizondo,Arturo
340813,Beauchamp,Robert
340816,Sul,Won-Gi
340817,Kim,Keun-Joong
340818,Yun,Dong-Koo
340819,Kim,Tchah-Sup
340821,Okada,Kenzo
340847,Bishop,Isabel
340857,Keller,Marthe
340878,Blume,Peter
340895,Gris,Juan
340910,Modigliani,Amedeo
340934,Gory,Unknown
340940,Stella,Joseph
340941,Bencomo,Mario
340968,Dehner,Dorothy
340971,Lebduska,Lawrence H
340997,Cunningham,Earl
341039,Hansen,Glen
341040,Nerdrum,Odd
341085,Brainard,Joe
341096,Rothschild,Judith
341116,Curry,John Steuart
341129,Pindell,Howardena
341142,Kiefer,Anselm
341177,Winters,Terry
341178,Berthot,Jake
341182,Pearson,Henry
341208,Johns,Jasper
341240,Procktor,Patrick
341284,Suba,Miklos
341287,Milhazes,Beatriz
341320,Pène du Bois,Guy
341445,Bittinger,Charles
341446,Hibbard,Aldro T.
341498,Howell,Felicie Waldo
341532,Pennoyer,A Sheldon
341619,Miller,Kenneth Hayes
341639,Seyffert,Leopold
341662,Zuloaga,Ignacio
341701,Baca-Flor,Carlos
341709,Hopper,Edward
341723,Pleissner,Ogden M.
341724,Marsh,Reginald
341730,Mcfee,Henry Lee
341733,Benton,Thomas Hart
341744,Grant,Frederic M
341762,Burchfield,Charles
341765,Luce,Molly
341767,Blumenschein,Ernest
341803,Sterne,Maurice
341819,Carter,Clarence Holbrook
341820,Peirce,Waldo
341824,Lee,Doris Emrick
341827,Sample,Paul
341835,Biddle,George
341838,Dickinson,Edwin
341839,Blow,Richard
341840,Pittman,Hobson
341846,Mechau,Frank
341847,Nichols,Dale
341848,Aiken,Mary Hoover
341849,Morgan,Maud
341852,Buller,Audrey
341855,Blum,Edith C.
341858,Lane,Harry
341859,Levi,Julian
341891,Grosz,George
341892,Gropper,William
341905,Bohus,Irene De
341950,Lantz,Paul Valentine
341953,Ruellan,Andrée
341954,Allen,Junius
341964,Lane,Betty
341970,Austin,Darrel
341973,Shoulberg,Harry
341976,Drysdale,George Russell
341987,Soyer,Moses
341997,Pyle,William Scott
342000,Levine,Jack
342002,Feininger,Lyonel Charles
342003,Atherton,John
342005,Bohrod,Aaron
342006,Breinin,Raymond
342007,Howard,Charles Houghton
342009,Evergood,Philip
342010,Kleinholz,Frank
342012,Roesch,Kurt Ferdinan
342055,Berman,Eugene
342057,Tomlin,Bradley Walker
342071,Tasker,William
342072,Presser,Josef
342079,Farruggio,Remo
342089,Wilson,Reginald
342099,Martini,Joseph De
342100,Benn,Ben
342104,Jackson,Lee
342105,Lebrun,Rico
342107,Leonid,Unknown
342110,Tschacbasov,Nahum
342113,Watkins,Franklin
342115,Weeks,John
342116,Tizard,Ronald
342142,Werboff,Michel Alexa
342153,Marin,John
342176,Varga,Margit
342177,Ipcar,Dahlov
342229,Nordfeldt,B. J. O.
342230,Spruce,Everett
342235,Stuempfig,Walter
342238,Demuth,Charles
342242,Kandinsky,Vasily
342394,Severini,Gino
342418,Rivera,Diego
342419,Macdonald-Wright,Sta
342495,Wood,Grant
342526,Siporin,Mitchell
342530,Zerbe,Karl
342533,Rattner,Abraham
342535,Osver,Arthur
342539,Roberts,Priscilla
342540,Wyeth,Andrew
342543,Vertes,Marcel
342546,Brackman,Robert
342549,Albright,Ivan
342556,Alston,Charles Henry
342558,Dasburg,Andrew Micha
342561,Serisawa,Sueo
342565,Greenwood,Marion
342567,Dodd,Lamar
342573,Brown,Carlyle
342580,Murch,Walter
342589,Karp,Leon
342604,Ernst,Jimmy
342608,Mangravite,Peppino
342611,Salemme,Attilio
342612,Stettheimer,Florine
342630,Dreier,Katherine Sophie
342634,Sterne,Hedda
342639,Philipp,Robert
342642,Greene,Balcomb
342644,Congdon,William Gros
342647,Simon,Sidney
342652,Gray,Cleve
342653,Ariza,Gonzalo
342658,Glasco,Joseph
342675,Eugen,Prince Of Sweden
342676,Sibley,Charles Kenne
342680,Blatas,Arbit
342695,Thon,William
342696,Maurer,Alfred
342719,Sage,Kay
342731,Shaw,Charles
342739,Candell,Victor
342740,Tworkov,Jack
342741,Clark,Eliot
342743,Tanguy,Yves
342744,Hultberg,John
342746,Heliker,John
342750,Carone,Nicolas
342756,Rivers,Larry
342761,Etnier,Stephen
342766,Gorky,Arshile
342768,Bruckman,Lodewijk Ka
342778,Cloar,Carroll
342784,Brockhurst,Gerald Leslie
342790,Tooker,George
342801,Craig,Nancy Ellen
342817,Morris,Carl A
342819,Shikler,Aaron A
342821,Chabas,Paul
342845,Ossorio,Alfonso
342848,Annigoni,Pietro
342855,Fry,Roger Eliot
342896,Carroll,John
342932,Metzinger,Jean
342955,John,Augustus
342990,Bruce,Patrick Henry
343053,Fredrick,Millie Bruhl
343146,Cunningham,Patricia
343151,Laufman,Sidney
343154,Bluemner,Oscar
343155,Gleizes,Albert
343164,Ault,George
343290,Blum,Jerome
343314,Vickrey,Robert
343318,Segonzac,André-Dunoyer de
343319,Louis,Séraphine
343329,Vallotton,Félix
343371,Beckmann,Max
343373,Besnard,Paul-Albert
343377,Dongen,Kees van
343378,Dufy,Raoul
343381,Ensor,James
343383,Kisling,Moïse
343384,Laprade,Pierre
343442,Graham,John
343443,Reynolds,Alan
343453,Xceron,Jean
343455,Hirsch,Stefan
343542,Goodnough,Robert
343561,Crampton,Rollin
343594,Bell,Vanessa Stephen
343606,Bacon,Francis
343610,Brauner,Victor
343616,Ernst,Max
343622,Giacometti,Alberto
343690,Gallagher,Ellen
343697,Owens,Laura
343708,Lewis,Wyndham
343744,Feeley,Paul
343754,Kerkam,Earl
343763,Leslie,Alfred
343773,Niro,Robert De
343804,Stanczak,Julian
343808,Mangan,Stephen
343860,Phillips,Ian
343907,Levy,Edgar
343915,Denis,Maurice
343980,Brown,Alice Dalton
344059,Moser,Wilhelm
344349,Weinstein,Matthew
344393,Cottingham,Robert
344670,Ryman,Robert
344708,Fraser,Scott
344767,Childs,Bernard
344816,Smith,Tremain
344854,Kline,Martin
344941,Van Esselstyn,Mari-Louise
344978,Gibson,John
345065,Hatton,Julian
345263,Süe,Louis
345304,Fasanella,Ralph
345338,Peretz,Anne
345356,Moller,Hans
345369,Smith,Vincent D.
345373,Phelan,Ellen
345421,Torok,Jim
345424,Carrington,Leonora
345460,Magritte,René
345464,Riopelle,Jean-Paul
345482,Nel,Karel
345484,Scott,William
345542,Fischl,Eric
345624,Levine,Tom
345791,Lawrence,Jacob
345836,Vasarely,Victor
345844,Kurbanov,Sukhrob
345855,Segal,Arthur
345891,Matisse,Pierre
345899,Wou-Ki,Zao
345905,Eddy,Don
345963,Nicholson,Ben
345970,Clemente,Francesco
345990,Rauschenberg,Robert
346030,Dawson,Manierre
346091,Smith,Jaune Quick-to-See
346215,Sirry,Gazbia
346278,Woodman,Betty
346281,Ranson,Paul
346293,Reigl,Judit
347027,Steir,Pat
347030,Hanson,Joseph Mellor
347042,Brown,Cecily
347090,Sacks,Peter
347178,Newton RA,Algernon
347190,Condo,George
347192,Francis,Sam
347195,Hopper,Dennis
347203,Saville,Jenny
347211,Bennett,Amy
347213,Upton,Richard
347220,Loving,Al
347243,Mangold,Sylvia Plimack
347265,Rana,Rashid
347274,Bailey,Radcliffe
347279,Holzer,Jenny
347289,Joffe,Chantal
347554,Lowman,Nate
347556,Moffett,Donald
347630,Innes,Callum
351495,Mattelson Marvin,Unknown
352508,Voiriot,Guillaume
380695,Afjei,Nasrollah
382149,Howe,Oscar
383021,Hirshfield,Morris
384063,Hristoff,Peter
384346,Sepehri,Sohrab
384580,Rodríguez Juárez,Juan
385284,Thomas,Alma
385285,Moss,Kevin
385286,Courtright,Robert
385287,Parodi,Roberto
385288,Boice,Bruce
385289,Rojas,Elmar
385291,Gorchov,Ron
385292,Negroponte,George
385293,Jeff,Unknown
385299,Bradley,Peter
385303,Cobo,Chema
385306,Stevens,May
385310,Allen,Terry
385316,Lizardo,Luis
385317,Schuyff,Peter
385318,Siler,Todd
385319,Wynn,Donald James
385320,Roche,Rabell Arnaldo
385321,Alexander,John
385322,Meyer,Melissa
385323,McCleary,Dan
385325,Jackson,Oliver
385326,Kushner,Robert
385327,Tweddle,John
385328,Hsu,Tishan
385329,Wonner,Paul
385330,Chiriani,Richard
385331,Barth,Frances
385332,Hammond,Jane
385334,Anderson,Doug
385336,Brown,Christopher
385337,Kostabi,Mark
385338,Connelly,Chuck
385339,Van Horn,Dana
385340,Paschke,Ed
385341,Birmelin,A Robert
385343,Broto,Unknown
385346,Anastasi,William
385347,Franco,Siron
385348,Smith,Richard
385350,Arevalo,Javier
385351,Brown,Theophilus
385352,Marcus,Paul
385353,Dixon,Willard
385355,Nadin,Peter
385356,Sarkisian,Paul
385357,Jolly,Nicholas
385358,Barclay,Stephen
385359,Zucker,Joe
385360,Smith,Ian
385362,Kirkeby,Per
385366,Haynes,Nancy
385367,Ovchinnikov,Vladimir
385368,Jemison,Noah
385369,Grostein,Marcia
385370,Davis,Brad
385371,Schmit,Randall
385372,Hendon,Cham
385373,Laufer,Susan
385375,Peltenburg-Brechneff,Unknown
385377,Whang,In Kie
386315,Hodler,Ferdinand
386903,Abts,Tomma
387511,Enríquez,Nicolás
389883,Usui Bumpei,Unknown
390844,Silver Horn,Haungooah
391149,Pilaram,Faramarz
392014,Yáñez de la Almedina,Fernando
392193,Duyckinck,Gerardus I
393340,Gaulli,Giovanni Battista
393562,Bosin,Francis Blackbear
393944,Kahlhamer,Brad
394647,Aram,Kamrooz
395754,Fathi,Golnaz
396128,Castiglione,Giovanni Benedetto (Il Grechetto)
397058,Bloch,Albert
399046,Bradford,Mark
400112,Orrente,Pedro
401021,Dial,Thornton
401065,Light,Joe
401069,Proctor,Mary
401071,Rowe,Nellie Mae
401080,Smith,Mary T.
401085,Tolliver,Mose
401087,Young,Purvis
402665,Goodall,Frederick
402731,Napangardi,Dorothy
402827,Ganambarr,Gunybi
404326,Mazzolino,Ludovico
404327,Ahmadi,Shiva
405469,Gandolfi,Ubaldo
408208,von Hellermann,Sophie
410447,Marshall,Kerry James
411010,Cagnacci,Guido
411309,Caillebotte,Gustave
412034,Douglas,Aaron
412867,Porter,Charles Ethan
412966,Barye,Antoine-Louis
413233,Riley,Bridget
413628,Khnopff,Fernand
413707,Beuckelaer,Joachim
414480,Le Brun,Christopher
417325,Sampler,Marion
417523,Griffin,Kojo
417603,Morales,Luis de
417821,Qiu Anxiong,Unknown
418106,Arabshahi,Masud
418108,Alkhas,Hannibal
419326,Cappelen,August
420879,Harper,William A.
421603,Hummel,Carl Maria Nicolaus
421606,Périn,Alphonse-Henri
421607,Prieur,Romain-Étienne-Gabriel
422116,Zubelda Cigarettes,Unknown
423144,Tavernier,Jules
423400,Segers,Hercules
424255,Wang Jian,Unknown
424853,Alkadhi,Ayad
424920,Luti,Benedetto
430164,Cavarozzi,Bartolomeo
430275,Prellwitz,Edith Mitchill
430298,Pouyan,Shahpour
430576,Dolci,Carlo
430825,Caracciolo,Giovanni Battista
432474,Golub,Leon
433089,Leonelli,Antonio (called Antonio da Crevalcore)
433841,Berchère,Narcisse
434011,Sánchez,José
438384,Biernoff,Elisheva
441637,Boisselier,Antoine-Félix
443148,Ghaffari,Yaha
